id;nombre;descripcion;imagenurl
1;narrow;of wherever;publishing pfft
2;geez;march cannon;reschedule yowza
3;via fail outflank;lest;woot adorn
4;sideburns;misspell ha helpfully;that overflow out
5;gently including;reproduce suggest zowie;barring
6;healthy salesman;thankfully through;powerfully rule aha
7;chalice talking;traduce;polarize
8;wiry behind;sheepishly whenever enormously;skate loosely flog
9;glass jubilant;reorganise;rehome snug
10;highly questionably how;freezing yieldingly;ordination following upright
